Date,Adj Close
00/02/01,
00/02/02,
00/02/03,
00/02/04,
00/02/07,
00/02/08,
00/02/09,
00/02/10,
00/02/11,
00/02/14,
00/02/15,
00/02/16,
00/02/17,
00/02/18,
00/02/22,
00/02/23,
00/02/24,
00/02/25,
00/02/28,
00/02/29,
00/03/01,
00/03/02,
00/03/03,
00/03/06,
00/03/07,
00/03/08,
00/03/09,
00/03/10,
00/03/13,
00/03/14,
00/03/15,
00/03/16,
00/03/17,
00/03/20,
00/03/21,
00/03/22,
00/03/23,
00/03/24,
00/03/27,
00/03/28,
00/03/29,
00/03/30,
00/03/31,
00/04/03,
00/04/04,
00/04/05,
00/04/06,
00/04/07,
00/04/10,
00/04/11,
00/04/12,
00/04/13,
00/04/14,
00/04/17,
00/04/18,
00/04/19,
00/04/20,
00/04/24,
00/04/25,
00/04/26,
00/04/27,
00/04/28,
00/05/01,
00/05/02,
00/05/03,
00/05/04,
00/05/05,
00/05/08,
00/05/09,
00/05/10,
00/05/11,
00/05/12,
00/05/15,
00/05/16,
00/05/17,
00/05/18,
00/05/19,
00/05/22,
00/05/23,
00/05/24,
00/05/25,
00/05/26,
00/05/30,
00/05/31,
00/06/01,
00/06/02,
00/06/05,
00/06/06,
00/06/07,
00/06/08,
00/06/09,
00/06/12,
00/06/13,
00/06/14,
00/06/15,
00/06/16,
00/06/19,
00/06/20,
00/06/21,
00/06/22,
00/06/23,
00/06/26,
00/06/27,
00/06/28,
00/06/29,
00/06/30,
00/07/03,
00/07/05,
00/07/06,
00/07/07,
00/07/10,
00/07/11,
00/07/12,
00/07/13,
00/07/14,
00/07/17,
00/07/18,
00/07/19,
00/07/20,
00/07/21,
00/07/24,
00/07/25,
00/07/26,
00/07/27,
00/07/28,
00/07/31,
00/08/01,
00/08/02,
00/08/03,
00/08/04,
00/08/07,
00/08/08,
00/08/09,
00/08/10,
00/08/11,
00/08/14,
00/08/15,
00/08/16,
00/08/17,
00/08/18,
00/08/21,
00/08/22,
00/08/23,
00/08/24,
00/08/25,
00/08/28,
00/08/29,
00/08/30,
00/08/31,
00/09/01,
00/09/05,
00/09/06,
00/09/07,
00/09/08,
00/09/11,
00/09/12,
00/09/13,
00/09/14,
00/09/15,
00/09/18,
00/09/19,
00/09/20,
00/09/21,
00/09/22,
00/09/25,
00/09/26,
00/09/27,
00/09/28,
00/09/29,
00/10/02,
00/10/03,
00/10/04,
00/10/05,
00/10/06,
00/10/09,
00/10/10,
00/10/11,
00/10/12,
00/10/13,
00/10/16,
00/10/17,
00/10/18,
00/10/19,
00/10/20,
00/10/23,
00/10/24,
00/10/25,
00/10/26,
00/10/27,
00/10/30,
00/10/31,
00/11/01,
00/11/02,
00/11/03,
00/11/06,
00/11/07,
00/11/08,
00/11/09,
00/11/10,
00/11/13,
00/11/14,
00/11/15,
00/11/16,
00/11/17,
00/11/20,
00/11/21,
00/11/22,
00/11/24,
00/11/27,
00/11/28,
00/11/29,
00/11/30,
00/12/01,
00/12/04,
00/12/05,
00/12/06,
00/12/07,
00/12/08,
00/12/11,
00/12/12,
00/12/13,
00/12/14,
00/12/15,
00/12/18,
00/12/19,
00/12/20,
00/12/21,
00/12/22,
00/12/26,
00/12/27,
00/12/28,
00/12/29,
01/01/02,
01/01/03,
01/01/04,
01/01/05,
01/01/08,
01/01/09,
01/01/10,
01/01/11,
01/01/12,
01/01/16,
01/01/17,
01/01/18,
01/01/19,
01/01/22,
01/01/23,
01/01/24,
01/01/25,
01/01/26,
01/01/29,
01/01/30,
01/01/31,
01/02/01,
01/02/02,
01/02/05,
01/02/06,
01/02/07,
01/02/08,
01/02/09,
01/02/12,
01/02/13,
01/02/14,
01/02/15,
01/02/16,
01/02/20,
01/02/21,
01/02/22,
01/02/23,
01/02/26,
01/02/27,
01/02/28,
01/03/01,
01/03/02,
01/03/05,
01/03/06,
01/03/07,
01/03/08,
01/03/09,
01/03/12,
01/03/13,
01/03/14,
01/03/15,
01/03/16,
01/03/19,
01/03/20,
01/03/21,
01/03/22,
01/03/23,
01/03/26,
01/03/27,
01/03/28,
01/03/29,
01/03/30,
01/04/02,
01/04/03,
01/04/04,
01/04/05,
01/04/06,
01/04/09,
01/04/10,
01/04/11,
01/04/12,
01/04/16,
01/04/17,
01/04/18,
01/04/19,
01/04/20,
01/04/23,
01/04/24,
01/04/25,
01/04/26,
01/04/27,
01/04/30,
01/05/01,
01/05/02,
01/05/03,
01/05/04,
01/05/07,
01/05/08,
01/05/09,
01/05/10,
01/05/11,
01/05/14,
01/05/15,
01/05/16,
01/05/17,
01/05/18,
01/05/21,
01/05/22,
01/05/23,
01/05/24,
01/05/25,
01/05/29,
01/05/30,
01/05/31,
01/06/01,
01/06/04,
01/06/05,
01/06/06,
01/06/07,
01/06/08,
01/06/11,
01/06/12,
01/06/13,
01/06/14,
01/06/15,
01/06/18,
01/06/19,
01/06/20,
01/06/21,
01/06/22,
01/06/25,
01/06/26,
01/06/27,
01/06/28,
01/06/29,
01/07/02,
01/07/03,
01/07/05,
01/07/06,
01/07/09,
01/07/10,
01/07/11,
01/07/12,
01/07/13,
01/07/16,
01/07/17,
01/07/18,
01/07/19,
01/07/20,
01/07/23,
01/07/24,
01/07/25,
01/07/26,
01/07/27,
01/07/30,
01/07/31,
01/08/01,
01/08/02,
01/08/03,
01/08/06,
01/08/07,
01/08/08,
01/08/09,
01/08/10,
01/08/13,
01/08/14,
01/08/15,
01/08/16,
01/08/17,
01/08/20,
01/08/21,
01/08/22,
01/08/23,
01/08/24,
01/08/27,
01/08/28,
01/08/29,
01/08/30,
01/08/31,
01/09/04,
01/09/05,
01/09/06,
01/09/07,
01/09/10,
01/09/17,
01/09/18,
01/09/19,
01/09/20,
01/09/21,
01/09/24,
01/09/25,
01/09/26,
01/09/27,
01/09/28,
01/10/01,
01/10/02,
01/10/03,
01/10/04,
01/10/05,
01/10/08,
01/10/09,
01/10/10,
01/10/11,
01/10/12,
01/10/15,
01/10/16,
01/10/17,
01/10/18,
01/10/19,
01/10/22,
01/10/23,
01/10/24,
01/10/25,
01/10/26,
01/10/29,
01/10/30,
01/10/31,
01/11/01,
01/11/02,
01/11/05,
01/11/06,
01/11/07,
01/11/08,
01/11/09,
01/11/12,
01/11/13,
01/11/14,
01/11/15,
01/11/16,
01/11/19,
01/11/20,
01/11/21,
01/11/23,
01/11/26,
01/11/27,
01/11/28,
01/11/29,
01/11/30,
01/12/03,
01/12/04,
01/12/05,
01/12/06,
01/12/07,
01/12/10,
01/12/11,
01/12/12,
01/12/13,
01/12/14,
01/12/17,
01/12/18,
01/12/19,
01/12/20,
01/12/21,
01/12/24,
01/12/26,
01/12/27,
01/12/28,
01/12/31,
02/01/02,
02/01/03,
02/01/04,
02/01/07,
02/01/08,
02/01/09,
02/01/10,
02/01/11,
02/01/14,
02/01/15,
02/01/16,
02/01/17,
02/01/18,
02/01/22,
02/01/23,
02/01/24,
02/01/25,
02/01/28,
02/01/29,
02/01/30,
02/01/31,
02/02/01,
02/02/04,
02/02/05,
02/02/06,
02/02/07,
02/02/08,
02/02/11,
02/02/12,
02/02/13,
02/02/14,
02/02/15,
02/02/19,
02/02/20,
02/02/21,
02/02/22,
02/02/25,
02/02/26,
02/02/27,
02/02/28,
02/03/01,
02/03/04,
02/03/05,
02/03/06,
02/03/07,
02/03/08,
02/03/11,
02/03/12,
02/03/13,
02/03/14,
02/03/15,
02/03/18,
02/03/19,
02/03/20,
02/03/21,
02/03/22,
02/03/25,
02/03/26,
02/03/27,
02/03/28,
02/04/01,
02/04/02,
02/04/03,
02/04/04,
02/04/05,
02/04/08,
02/04/09,
02/04/10,
02/04/11,
02/04/12,
02/04/15,
02/04/16,
02/04/17,
02/04/18,
02/04/19,
02/04/22,
02/04/23,
02/04/24,
02/04/25,
02/04/26,
02/04/29,
02/04/30,
02/05/01,
02/05/02,
02/05/03,
02/05/06,
02/05/07,
02/05/08,
02/05/09,
02/05/10,
02/05/13,
02/05/14,
02/05/15,
02/05/16,
02/05/17,
02/05/20,
02/05/21,
02/05/22,
02/05/23,
02/05/24,
02/05/28,
02/05/29,
02/05/30,
02/05/31,
02/06/03,
02/06/04,
02/06/05,
02/06/06,
02/06/07,
02/06/10,
02/06/11,
02/06/12,
02/06/13,
02/06/14,
02/06/17,
02/06/18,
02/06/19,
02/06/20,
02/06/21,
02/06/24,
02/06/25,
02/06/26,
02/06/27,
02/06/28,
02/07/01,
02/07/02,
02/07/03,
02/07/05,
02/07/08,
02/07/09,
02/07/10,
02/07/11,
02/07/12,
02/07/15,
02/07/16,
02/07/17,
02/07/18,
02/07/19,
02/07/22,
02/07/23,
02/07/24,
02/07/25,
02/07/26,
02/07/29,
02/07/30,
02/07/31,
02/08/01,
02/08/02,
02/08/05,
02/08/06,
02/08/07,
02/08/08,
02/08/09,
02/08/12,
02/08/13,
02/08/14,
02/08/16,
02/08/19,
02/08/20,
02/08/21,
02/08/22,
02/08/23,
02/08/26,
02/08/27,
02/08/28,
02/08/29,
02/08/30,
02/09/03,
02/09/04,
02/09/05,
02/09/06,
02/09/09,
02/09/10,
02/09/11,
02/09/12,
02/09/13,
02/09/17,
02/09/18,
02/09/19,
02/09/20,
02/09/23,
02/09/24,
02/09/25,
02/09/26,
02/09/27,
02/09/30,
02/10/01,
02/10/02,
02/10/03,
02/10/04,
02/10/07,
02/10/08,
02/10/09,
02/10/10,
02/10/11,
02/10/14,
02/10/15,
02/10/16,
02/10/17,
02/10/18,
02/10/21,
02/10/22,
02/10/23,
02/10/24,
02/10/25,
02/10/28,
02/10/29,
02/10/30,
02/10/31,
02/11/01,
02/11/04,
02/11/05,
02/11/06,
02/11/07,
02/11/08,
02/11/11,
02/11/12,
02/11/13,
02/11/14,
02/11/15,
02/11/18,
02/11/19,
02/11/20,
02/11/21,
02/11/22,
02/11/25,
02/11/26,
02/11/27,
02/11/29,
02/12/02,
02/12/03,
02/12/04,
02/12/05,
02/12/06,
02/12/09,
02/12/10,
02/12/11,
02/12/12,
02/12/13,
02/12/16,
02/12/17,
02/12/18,
02/12/19,
02/12/20,
02/12/23,
02/12/24,
02/12/26,
02/12/27,
02/12/30,
02/12/31,
03/01/02,
03/01/03,
03/01/06,
03/01/07,
03/01/08,
03/01/09,
03/01/10,
03/01/13,
03/01/14,
03/01/15,
03/01/16,
03/01/17,
03/01/21,
03/01/22,
03/01/23,
03/01/24,
03/01/27,
03/01/28,
03/01/29,
03/01/30,
03/01/31,
03/02/03,
03/02/04,
03/02/05,
03/02/06,
03/02/07,
03/02/10,
03/02/11,
03/02/12,
03/02/13,
03/02/14,
03/02/18,
03/02/19,
03/02/20,
03/02/21,
03/02/24,
03/02/25,
03/02/26,
03/02/27,
03/02/28,
03/03/03,
03/03/04,
03/03/05,
03/03/06,
03/03/07,
03/03/10,
03/03/11,
03/03/12,
03/03/13,
03/03/14,
03/03/17,
03/03/18,
03/03/19,
03/03/20,
03/03/21,
03/03/24,
03/03/25,
03/03/26,
03/03/27,
03/03/28,
03/03/31,
03/04/01,
03/04/02,
03/04/03,
03/04/04,
03/04/07,
03/04/08,
03/04/09,
03/04/10,
03/04/11,
03/04/14,
03/04/15,
03/04/16,
03/04/17,
03/04/21,
03/04/22,
03/04/23,
03/04/24,
03/04/25,
03/04/28,
03/04/29,
03/04/30,
03/05/01,
03/05/02,
03/05/05,
03/05/06,
03/05/07,
03/05/08,
03/05/09,
03/05/12,
03/05/13,
03/05/14,
03/05/15,
03/05/16,
03/05/19,
03/05/20,
03/05/21,
03/05/22,
03/05/23,
03/05/27,
03/05/28,
03/05/29,
03/05/30,
03/06/02,
03/06/03,
03/06/04,
03/06/05,
03/06/06,
03/06/09,
03/06/10,
03/06/11,
03/06/12,
03/06/13,
03/06/16,
03/06/17,
03/06/18,
03/06/19,
03/06/20,
03/06/23,
03/06/24,
03/06/25,
03/06/26,
03/06/27,
03/06/30,
03/07/01,
03/07/02,
03/07/03,
03/07/07,
03/07/08,
03/07/09,
03/07/10,
03/07/11,
03/07/14,
03/07/15,
03/07/16,
03/07/17,
03/07/18,
03/07/21,
03/07/22,
03/07/23,
03/07/24,
03/07/25,
03/07/28,
03/07/29,
03/07/30,
03/07/31,
03/08/01,
03/08/04,
03/08/05,
03/08/06,
03/08/07,
03/08/08,
03/08/11,
03/08/12,
03/08/13,
03/08/14,
03/08/15,
03/08/18,
03/08/19,
03/08/20,
03/08/21,
03/08/22,
03/08/25,
03/08/26,
03/08/27,
03/08/28,
03/08/29,
03/09/02,
03/09/03,
03/09/04,
03/09/05,
03/09/08,
03/09/09,
03/09/10,
03/09/11,
03/09/12,
03/09/15,
03/09/16,
03/09/17,
03/09/18,
03/09/19,
03/09/22,
03/09/23,
03/09/24,
03/09/25,
03/09/26,
03/09/29,
03/09/30,
03/10/01,
03/10/02,
03/10/03,
03/10/06,
03/10/07,
03/10/08,
03/10/09,
03/10/10,
03/10/13,
03/10/14,
03/10/15,
03/10/16,
03/10/17,
03/10/20,
03/10/21,
03/10/22,
03/10/23,
03/10/24,
03/10/27,
03/10/28,
03/10/29,
03/10/30,
03/10/31,
03/11/03,
03/11/04,
03/11/05,
03/11/06,
03/11/07,
03/11/10,
03/11/11,
03/11/12,
03/11/13,
03/11/14,
03/11/17,
03/11/18,
03/11/19,
03/11/20,
03/11/21,
03/11/24,
03/11/25,
03/11/26,
03/11/28,
03/12/01,
03/12/02,
03/12/03,
03/12/04,
03/12/05,
03/12/08,
03/12/09,
03/12/10,
03/12/11,
03/12/12,
03/12/15,
03/12/16,
03/12/17,
03/12/18,
03/12/19,
03/12/22,
03/12/23,
03/12/24,
03/12/26,
03/12/29,
03/12/30,
03/12/31,
04/01/02,
04/01/05,
04/01/06,
04/01/07,
04/01/08,
04/01/09,
04/01/12,
04/01/13,
04/01/14,
04/01/15,
04/01/16,
04/01/20,
04/01/21,
04/01/22,
04/01/23,
04/01/26,
04/01/27,
04/01/28,
04/01/29,
04/01/30,
04/02/02,
04/02/03,
04/02/04,
04/02/05,
04/02/06,
04/02/09,
04/02/10,
04/02/11,
04/02/12,
04/02/13,
04/02/17,
04/02/18,
04/02/19,
04/02/20,
04/02/23,
04/02/24,
04/02/25,
04/02/26,
04/02/27,
04/03/01,
04/03/02,
04/03/03,
04/03/04,
04/03/05,
04/03/08,
04/03/09,
04/03/10,
04/03/11,
04/03/12,
04/03/15,
04/03/16,
04/03/17,
04/03/18,
04/03/19,
04/03/22,
04/03/23,
04/03/24,
04/03/25,
04/03/26,
04/03/29,
04/03/30,
04/03/31,
04/04/01,
04/04/02,
04/04/05,
04/04/06,
04/04/07,
04/04/08,
04/04/12,
04/04/13,
04/04/14,
04/04/15,
04/04/16,
04/04/19,
04/04/20,
04/04/21,
04/04/22,
04/04/23,
04/04/26,
04/04/27,
04/04/28,
04/04/29,
04/04/30,
04/05/03,
04/05/04,
04/05/05,
04/05/06,
04/05/07,
04/05/10,
04/05/11,
04/05/12,
04/05/13,
04/05/14,
04/05/17,
04/05/18,
04/05/19,
04/05/20,
04/05/21,
04/05/24,
04/05/25,
04/05/26,
04/05/27,
04/05/28,
04/06/01,
04/06/02,
04/06/03,
04/06/04,
04/06/07,
04/06/08,
04/06/09,
04/06/10,
04/06/14,
04/06/15,
04/06/16,
04/06/17,
04/06/18,
04/06/21,
04/06/22,
04/06/23,
04/06/24,
04/06/25,
04/06/28,
04/06/29,
04/06/30,
04/07/01,
04/07/02,
04/07/06,
04/07/07,
04/07/08,
04/07/09,
04/07/12,
04/07/13,
04/07/14,
04/07/15,
04/07/16,
04/07/19,
04/07/20,
04/07/21,
04/07/22,
04/07/23,
04/07/26,
04/07/27,
04/07/28,
04/07/29,
04/07/30,
04/08/02,
04/08/03,
04/08/04,
04/08/05,
04/08/06,
04/08/09,
04/08/10,
04/08/11,
04/08/12,
04/08/13,
04/08/16,
04/08/17,
04/08/18,
04/08/19,
04/08/20,
04/08/23,
04/08/24,
04/08/25,
04/08/26,
04/08/27,
04/08/30,
04/08/31,
04/09/01,
04/09/02,
04/09/03,
04/09/07,
04/09/08,
04/09/09,
04/09/10,
04/09/13,
04/09/14,
04/09/15,
04/09/16,
04/09/17,
04/09/20,
04/09/21,
04/09/22,
04/09/23,
04/09/24,
04/09/27,
04/09/28,
04/09/29,
04/09/30,
04/10/01,
04/10/04,
04/10/05,
04/10/06,
04/10/07,
04/10/08,
04/10/11,
04/10/12,
04/10/13,
04/10/14,
04/10/15,
04/10/18,
04/10/19,
04/10/20,
04/10/21,
04/10/22,
04/10/25,
04/10/26,
04/10/27,
04/10/28,
04/10/29,
04/11/01,
04/11/02,
04/11/03,
04/11/04,
04/11/05,
04/11/08,
04/11/09,
04/11/10,
04/11/11,
04/11/12,
04/11/15,
04/11/16,
04/11/17,
04/11/18,
04/11/19,
04/11/22,
04/11/23,
04/11/24,
04/11/26,
04/11/29,
04/11/30,
04/12/01,
04/12/02,
04/12/03,
04/12/06,
04/12/07,
04/12/08,
04/12/09,
04/12/10,
04/12/13,
04/12/14,
04/12/15,
04/12/16,
04/12/17,
04/12/20,
04/12/21,
04/12/22,
04/12/23,
04/12/27,
04/12/28,
04/12/29,
04/12/30,
04/12/31,
05/01/03,
05/01/04,
05/01/05,
05/01/06,
05/01/07,
05/01/10,
05/01/11,
05/01/12,
05/01/13,
05/01/14,
05/01/18,
05/01/19,
05/01/20,
05/01/21,
05/01/24,
05/01/25,
05/01/26,
05/01/27,
05/01/28,
05/01/31,
05/02/01,
05/02/02,
05/02/03,
05/02/04,
05/02/07,
05/02/08,
05/02/09,
05/02/10,
05/02/11,
05/02/14,
05/02/15,
05/02/16,
05/02/17,
05/02/18,
05/02/22,
05/02/23,
05/02/24,
05/02/25,
05/02/28,
05/03/01,
05/03/02,
05/03/03,
05/03/04,
05/03/07,
05/03/08,
05/03/09,
05/03/10,
05/03/11,
05/03/14,
05/03/15,
05/03/16,
05/03/17,
05/03/18,
05/03/21,
05/03/22,
05/03/23,
05/03/24,
05/03/28,
05/03/29,
05/03/30,
05/03/31,
05/04/01,
05/04/04,
05/04/05,
05/04/06,
05/04/07,
05/04/08,
05/04/11,
05/04/12,
05/04/13,
05/04/14,
05/04/15,
05/04/18,
05/04/19,
05/04/20,
05/04/21,
05/04/22,
05/04/25,
05/04/26,
05/04/27,
05/04/28,
05/04/29,
05/05/02,
05/05/03,
05/05/04,
05/05/05,
05/05/06,
05/05/09,
05/05/10,
05/05/11,
05/05/12,
05/05/13,
05/05/16,
05/05/17,
05/05/18,
05/05/19,
05/05/20,
05/05/23,
05/05/24,
05/05/25,
05/05/26,
05/05/27,
05/05/31,
05/06/01,
05/06/02,
05/06/03,
05/06/06,
05/06/07,
05/06/08,
05/06/09,
05/06/10,
05/06/13,
05/06/14,
05/06/15,
05/06/16,
05/06/17,
05/06/20,
05/06/21,
05/06/22,
05/06/23,
05/06/24,
05/06/27,
05/06/28,
05/06/29,
05/06/30,
05/07/01,
05/07/05,
05/07/06,
05/07/07,
05/07/08,
05/07/11,
05/07/12,
05/07/13,
05/07/14,
05/07/15,
05/07/18,
05/07/19,
05/07/20,
05/07/21,
05/07/22,
05/07/25,
05/07/26,
05/07/27,
05/07/28,
05/07/29,
05/08/01,
05/08/02,
05/08/03,
05/08/04,
05/08/05,
05/08/08,
05/08/09,
05/08/10,
05/08/11,
05/08/12,
05/08/15,
05/08/16,
05/08/17,
05/08/18,
05/08/19,
05/08/22,
05/08/23,
05/08/24,
05/08/25,
05/08/26,
05/08/29,
05/08/30,
05/08/31,
05/09/01,
05/09/02,
05/09/06,
05/09/07,
05/09/08,
05/09/09,
05/09/12,
05/09/13,
05/09/14,
05/09/15,
05/09/16,
05/09/19,
05/09/20,
05/09/21,
05/09/22,
05/09/23,
05/09/26,
05/09/27,
05/09/28,
05/09/29,
05/09/30,
05/10/03,
05/10/04,
05/10/05,
05/10/06,
05/10/07,
05/10/10,
05/10/11,
05/10/12,
05/10/13,
05/10/14,
05/10/17,
05/10/18,
05/10/19,
05/10/20,
05/10/21,
05/10/24,
05/10/25,
05/10/26,
05/10/27,
05/10/28,
05/10/31,
05/11/01,
05/11/02,
05/11/03,
05/11/04,
05/11/07,
05/11/08,
05/11/09,
05/11/10,
05/11/11,
05/11/14,
05/11/15,
05/11/16,
05/11/17,
05/11/18,
05/11/21,
05/11/22,
05/11/23,
05/11/25,
05/11/28,
05/11/29,
05/11/30,
05/12/01,
05/12/02,
05/12/05,
05/12/06,
05/12/07,
05/12/08,46.66
05/12/09,47.51
05/12/12,47.51
05/12/13,47.56
05/12/14,47.48
05/12/15,46.57
05/12/16,47.39
05/12/19,46.2
05/12/20,46.52
05/12/21,46.61
05/12/22,46.5
05/12/23,46.55
05/12/27,46.23
05/12/28,46.81
05/12/29,46.8
05/12/30,46.41
06/01/03,47.37
06/01/04,48.18
06/01/05,48.06
06/01/06,48.69
06/01/09,48.55
06/01/10,48.67
06/01/11,49.21
06/01/12,48.12
06/01/13,47.68
06/01/17,47.65
06/01/18,47.59
06/01/19,47.38
06/01/20,45.94
06/01/23,45.85
06/01/24,45.47
06/01/25,45.58
06/01/26,46.27
06/01/27,46.59
06/01/30,47.73
06/01/31,47.55
06/02/01,47.82
06/02/02,47.25
06/02/03,46.97
06/02/06,47.09
06/02/07,47.04
06/02/08,46.12
06/02/09,45.6
06/02/10,45.95
06/02/13,45.77
06/02/14,47.43
06/02/15,47.79
06/02/16,47.65
06/02/17,47.35
06/02/21,47.87
06/02/22,48.98
06/02/23,48.54
06/02/24,48.07
06/02/27,48.67
06/02/28,48.4
06/03/01,48.55
06/03/02,48.45
06/03/03,47.61
06/03/06,47.35
06/03/07,47.93
06/03/08,47.7
06/03/09,46.98
06/03/10,47.71
06/03/13,48.56
06/03/14,48.84
06/03/15,48.85
06/03/16,49.2
06/03/17,49.01
06/03/20,49.17
06/03/21,48.13
06/03/22,48.07
06/03/23,47.33
06/03/24,46.82
06/03/27,46.55
06/03/28,45.89
06/03/29,45.88
06/03/30,45.53
06/03/31,45.37
06/04/03,45.46
06/04/04,45.59
06/04/05,45.83
06/04/06,45.64
06/04/07,44.65
06/04/10,45.19
06/04/11,44.59
06/04/12,44.3
06/04/13,43.81
06/04/17,44.3
06/04/18,45.67
06/04/19,46.99
06/04/20,47.55
06/04/21,47.08
06/04/24,46.69
06/04/25,46.23
06/04/26,47.5
06/04/27,47.72
06/04/28,48.45
06/05/01,47.17
06/05/02,48.03
06/05/03,48.01
06/05/04,47.92
06/05/05,47.4
06/05/08,47.95
06/05/09,47.19
06/05/10,47.09
06/05/11,46.79
06/05/12,46.23
06/05/15,46.89
06/05/16,47.05
06/05/17,45.91
06/05/18,45.71
06/05/19,45.8
06/05/22,45.53
06/05/23,45.8
06/05/24,46.31
06/05/25,46.08
06/05/26,45.94
06/05/30,44.9
06/05/31,45.16
06/06/01,45.19
06/06/02,44.44
06/06/05,43.39
06/06/06,43.05
06/06/07,43.6
06/06/08,43.88
06/06/09,43.72
06/06/12,42.67
06/06/13,42.22
06/06/14,42.03
06/06/15,43.01
06/06/16,42.39
06/06/19,42.53
06/06/20,42.53
06/06/21,43.04
06/06/22,42.71
06/06/23,42.36
06/06/26,43.36
06/06/27,42.55
06/06/28,42.85
06/06/29,44.18
06/06/30,44.36
06/07/03,44.36
06/07/05,43.38
06/07/06,43.48
06/07/07,43.66
06/07/10,44.04
06/07/11,44.09
06/07/12,44.55
06/07/13,43.84
06/07/14,43.58
06/07/17,44.51
06/07/18,44.4
06/07/19,44.97
06/07/20,45.59
06/07/21,44.92
06/07/24,45.65
06/07/25,46.13
06/07/26,46.65
06/07/27,45.59
06/07/28,45.71
06/07/31,45.18
06/08/01,44.89
06/08/02,44.76
06/08/03,44.67
06/08/04,44.45
06/08/07,43.95
06/08/08,43.37
06/08/09,42.95
06/08/10,43.67
06/08/11,43.24
06/08/14,43.66
06/08/15,44.16
06/08/16,44.66
06/08/17,45.36
06/08/18,45.66
06/08/21,45.83
06/08/22,45.66
06/08/23,45.85
06/08/24,45.82
06/08/25,45.71
06/08/28,46.05
06/08/29,46.18
06/08/30,46.15
06/08/31,47.22
06/09/01,47.36
06/09/05,47.23
06/09/06,46.94
06/09/07,47.45
06/09/08,48.16
06/09/11,48.45
06/09/12,49.04
06/09/13,49.08
06/09/14,48.52
06/09/15,48.57
06/09/18,48.18
06/09/19,48.08
06/09/20,48.21
06/09/21,47.97
06/09/22,47.72
06/09/25,48.29
06/09/26,49.07
06/09/27,48.25
06/09/28,48.59
06/09/29,48.2
06/10/02,47.64
06/10/03,48.83
06/10/04,49.41
06/10/05,49.99
06/10/06,49.57
06/10/09,49.66
06/10/10,50.25
06/10/11,50.4
06/10/12,50.7
06/10/13,51.35
06/10/16,50.84
06/10/17,50.92
06/10/18,50.95
06/10/19,50.18
06/10/20,49.89
06/10/23,50.33
06/10/24,50.81
06/10/25,51.38
06/10/26,51.91
06/10/27,50.88
06/10/30,50.79
06/10/31,50.42
06/11/01,50.39
06/11/02,49.92
06/11/03,49.83
06/11/06,49.94
06/11/07,50.57
06/11/08,50.51
06/11/09,49.74
06/11/10,50.75
06/11/13,50.84
06/11/14,50.44
06/11/15,50.34
06/11/16,50.84
06/11/17,50.91
06/11/20,51.34
06/11/21,51.21
06/11/22,51.03
06/11/24,50.75
06/11/27,50.15
06/11/28,50.26
06/11/29,50.58
06/11/30,50.06
06/12/01,49.66
06/12/04,50.39
06/12/05,51.03
06/12/06,51.04
06/12/07,50.77
06/12/08,51.18
06/12/11,51.71
06/12/12,53.41
06/12/13,53.75
06/12/14,53.58
06/12/15,53.48
06/12/18,53.28
06/12/19,53.29
06/12/20,53.4
06/12/21,53.42
06/12/22,53
06/12/26,53.58
06/12/27,54.09
06/12/28,53.88
06/12/29,53.57
07/01/03,53.37
07/01/04,52.67
07/01/05,52.29
07/01/08,52.32
07/01/09,51.78
07/01/10,51.77
07/01/11,52.41
07/01/12,52
07/01/16,51.96
07/01/17,51.91
07/01/18,52.41
07/01/19,52.44
07/01/22,51.74
07/01/23,51.77
07/01/24,52.32
07/01/25,51.87
07/01/26,51.5
07/01/29,51.56
07/01/30,51.82
07/01/31,51.1
07/02/01,51.71
07/02/02,51.93
07/02/05,52.45
07/02/06,52.93
07/02/07,52.69
07/02/08,52.2
07/02/09,51.5
07/02/12,51.41
07/02/13,51.29
07/02/14,51.56
07/02/15,51.78
07/02/16,51.88
07/02/20,51.82
07/02/21,51.53
07/02/22,51.55
07/02/23,50.93
07/02/26,50.59
07/02/27,49.41
07/02/28,49.65
07/03/01,49.36
07/03/02,49.01
07/03/05,48.45
07/03/06,48.92
07/03/07,48.49
07/03/08,48.79
07/03/09,48.65
07/03/12,48.38
07/03/13,47.07
07/03/14,47.69
07/03/15,48.38
07/03/16,48.61
07/03/19,49.16
07/03/20,49.76
07/03/21,49.88
07/03/22,49.76
07/03/23,50.29
07/03/26,50.71
07/03/27,50.88
07/03/28,50.7
07/03/29,50.97
07/03/30,50.68
07/04/02,50.82
07/04/03,51.27
07/04/04,50.89
07/04/05,50.89
07/04/09,51.1
07/04/10,51.3
07/04/11,50.92
07/04/12,51.26
07/04/13,51.65
07/04/16,51.96
07/04/17,51.92
07/04/18,51.64
07/04/19,51.63
07/04/20,51.99
07/04/23,51.63
07/04/24,52.13
07/04/25,54.43
07/04/26,53.32
07/04/27,53.63
07/04/30,52.81
07/05/01,53.16
07/05/02,53.82
07/05/03,53.44
07/05/04,53.21
07/05/07,53.67
07/05/08,53.89
07/05/09,54.45
07/05/10,54.9
07/05/11,55.25
07/05/14,55.19
07/05/15,54.77
07/05/16,55
07/05/17,54.56
07/05/18,54.84
07/05/21,55.18
07/05/22,55.19
07/05/23,54.21
07/05/24,53.77
07/05/25,54.48
07/05/29,54.18
07/05/30,54.24
07/05/31,54.69
07/06/01,54.58
07/06/04,54.78
07/06/05,55.04
07/06/06,54.68
07/06/07,53.92
07/06/08,54.43
07/06/11,55.37
07/06/12,55.02
07/06/13,55.45
07/06/14,55.2
07/06/15,55.4
07/06/18,55.22
07/06/19,55.55
07/06/20,55.17
07/06/21,55.09
07/06/22,55.51
07/06/25,55.42
07/06/26,55.2
07/06/27,55.27
07/06/28,55.03
07/06/29,55.77
07/07/02,56.89
07/07/03,57.07
07/07/05,56.08
07/07/06,55.85
07/07/09,55.85
07/07/10,54.48
07/07/11,54.35
07/07/12,55
07/07/13,55.11
07/07/16,55.09
07/07/17,54.81
07/07/18,54.37
07/07/19,55.28
07/07/20,54.02
07/07/23,54.19
07/07/24,51.62
07/07/25,54.1
07/07/26,52.35
07/07/27,51.14
07/07/30,53.22
07/07/31,51.49
07/08/01,52.4
07/08/02,51.32
07/08/03,48.82
07/08/06,52.16
07/08/07,53.23
07/08/08,51.94
07/08/09,50.52
07/08/10,50.54
07/08/13,50.69
07/08/14,48.6
07/08/15,48.38
07/08/16,49.8
07/08/17,51.3
07/08/20,52.06
07/08/21,52.49
07/08/22,52.91
07/08/23,51.98
07/08/24,53.53
07/08/27,52.47
07/08/28,50.61
07/08/29,51.56
07/08/30,50.87
07/08/31,51.53
07/09/04,52.13
07/09/05,51.43
07/09/06,51.08
07/09/07,50.1
07/09/10,51.06
07/09/11,51.5
07/09/12,51.14
07/09/13,51.82
07/09/14,51.7
07/09/17,52.15
07/09/18,52.63
07/09/19,53.29
07/09/20,52.71
07/09/21,53
07/09/24,52.46
07/09/25,52.4
07/09/26,52.64
07/09/27,53.37
07/09/28,54.28
07/10/01,55.4
07/10/02,55.49
07/10/03,55.49
07/10/04,55.81
07/10/05,55.75
07/10/08,56.37
07/10/09,56.76
07/10/10,55.8
07/10/11,55.44
07/10/12,56.46
07/10/15,55.89
07/10/16,54.87
07/10/17,54.89
07/10/18,54.7
07/10/19,52.81
07/10/22,54.26
07/10/23,54.18
07/10/24,52.78
07/10/25,53.01
07/10/26,54.37
07/10/29,55.08
07/10/30,54.95
07/10/31,54.32
07/11/01,51.92
07/11/02,51.93
07/11/05,51.2
07/11/06,52.45
07/11/07,50.93
07/11/08,51.3
07/11/09,52.46
07/11/12,52.39
07/11/13,53.79
07/11/14,53.18
07/11/15,52.73
07/11/16,52.12
07/11/19,51.65
07/11/20,51.4
07/11/21,51.94
07/11/23,52.68
07/11/26,51.76
07/11/27,53.03
07/11/28,53.77
07/11/29,52.38
07/11/30,53.62
07/12/03,53.41
07/12/04,52.85
07/12/05,53.43
07/12/06,54.72
07/12/07,54.53
07/12/10,55.84
07/12/11,53.54
07/12/12,53.82
07/12/13,54.48
07/12/14,53.33
07/12/17,54.68
07/12/18,54.52
07/12/19,53.87
07/12/20,54.45
07/12/21,55.49
07/12/24,56.6
07/12/26,56.34
07/12/27,55.19
07/12/28,55.72
07/12/31,55.61
08/01/02,54.94
08/01/03,54.82
08/01/04,54.67
08/01/07,55.3
08/01/08,54.21
08/01/09,55.05
08/01/10,55.49
08/01/11,54.17
08/01/14,54.55
08/01/15,54.4
08/01/16,54.52
08/01/17,52.37
08/01/18,50.85
08/01/22,52.57
08/01/23,53.99
08/01/24,54.58
08/01/25,51.88
08/01/28,52.99
08/01/29,53
08/01/30,52.09
08/01/31,52.42
08/02/01,53.39
08/02/04,53.63
08/02/05,52.48
08/02/06,53.11
08/02/07,53.38
08/02/08,51.58
08/02/11,50.93
08/02/12,50.8
08/02/13,51.27
08/02/14,50.95
08/02/15,52.03
08/02/19,51.73
08/02/20,52.37
08/02/21,51.23
08/02/22,52.58
08/02/25,52.51
08/02/26,53.08
08/02/27,54.26
08/02/28,52.3
08/02/29,50.62
08/03/03,49.59
08/03/04,48.8
08/03/05,49.19
08/03/06,48.96
08/03/07,49.42
08/03/10,48.78
08/03/11,50.65
08/03/12,49.03
08/03/13,49.64
08/03/14,48.3
08/03/17,48.39
08/03/18,51.12
08/03/19,49.39
08/03/20,52.33
08/03/24,51.14
08/03/25,50.49
08/03/26,49.73
08/03/27,49.78
08/03/28,49.27
08/03/31,49.8
08/04/01,52.22
08/04/02,51.84
08/04/03,51.87
08/04/04,51.58
08/04/07,52.28
08/04/08,51.46
08/04/09,51.7
08/04/10,51.36
08/04/11,50.82
08/04/14,51.17
08/04/15,51.25
08/04/16,52.39
08/04/17,52.92
08/04/18,53.53
08/04/21,52.99
08/04/22,52.91
08/04/23,51.96
08/04/24,53.39
08/04/25,53.51
08/04/28,53.27
08/04/29,52.78
08/04/30,54.53
08/05/01,55.67
08/05/02,55.63
08/05/05,54.57
08/05/06,55.56
08/05/07,54.25
08/05/08,54.57
08/05/09,54.04
08/05/12,54.92
08/05/13,54.58
08/05/14,55.28
08/05/15,55.75
08/05/16,55.43
08/05/19,55.53
08/05/20,54.66
08/05/21,53.51
08/05/22,53.94
08/05/23,53.07
08/05/27,53.8
08/05/28,53.27
08/05/29,54.54
08/05/30,54.33
08/06/02,53.9
08/06/03,54.53
08/06/04,55.24
08/06/05,56.69
08/06/06,55.37
08/06/09,55.08
08/06/10,55
08/06/11,53.39
08/06/12,54.5
08/06/13,54.93
08/06/16,54.3
08/06/17,53.35
08/06/18,52.96
08/06/19,52.89
08/06/20,51.66
08/06/23,51.07
08/06/24,51.97
08/06/25,51.96
08/06/26,50.67
08/06/27,50.22
08/06/30,50.08
08/07/01,50.16
08/07/02,49.65
08/07/03,49.85
08/07/07,49.09
08/07/08,50.58
08/07/09,48.59
08/07/10,48.06
08/07/11,44.82
08/07/14,44.75
08/07/15,41.18
08/07/16,42.76
08/07/17,44.55
08/07/18,44.57
08/07/21,43.41
08/07/22,43.72
08/07/23,45.14
08/07/24,44.04
08/07/25,43.55
08/07/28,43.32
08/07/29,43.97
08/07/30,45.73
08/07/31,46.09
08/08/01,46.71
08/08/04,47.5
08/08/05,48.76
08/08/06,48.17
08/08/07,47.58
08/08/08,49.19
08/08/11,49.49
08/08/12,48.95
08/08/13,48.25
08/08/14,47.61
08/08/15,47.39
08/08/18,46.73
08/08/19,45.2
08/08/20,45.36
08/08/21,46.16
08/08/22,46.96
08/08/25,46.28
08/08/26,45.68
08/08/27,46.68
08/08/28,47.52
08/08/29,47.83
08/09/02,47.56
08/09/03,47.59
08/09/04,46.87
08/09/05,47.55
08/09/08,48.84
08/09/09,47.16
08/09/10,46.91
08/09/11,47.03
08/09/12,47.38
08/09/15,47.97
08/09/16,52.05
08/09/17,50.51
08/09/18,53.73
08/09/19,60
08/09/22,54.36
08/09/23,51.36
08/09/24,50.96
08/09/25,54.55
08/09/26,52.09
08/09/29,48.18
08/09/30,49.21
08/10/01,49.06
08/10/02,49.09
08/10/03,47.96
08/10/06,47.64
08/10/07,45.91
08/10/08,41.36
08/10/09,34.97
08/10/10,37.26
08/10/13,41.91
08/10/14,45.03
08/10/15,40.62
08/10/16,40.76
08/10/17,42.59
08/10/20,45.15
08/10/21,43.67
08/10/22,41.42
08/10/23,43.46
08/10/24,44.35
08/10/27,40.55
08/10/28,45.14
08/10/29,51.7
08/10/30,50.97
08/10/31,52.45
08/11/03,50.5
08/11/04,50.6
08/11/05,47.88
08/11/06,46.84
08/11/07,48.83
08/11/10,47.29
08/11/11,47.13
08/11/12,45.38
08/11/13,49.51
08/11/14,48.19
08/11/17,46.82
08/11/18,46.09
08/11/19,36.98
08/11/20,34.72
08/11/21,41.92
08/11/24,42.61
08/11/25,44.34
08/11/26,45.39
08/11/28,47.77
08/12/01,40.46
08/12/02,41.55
08/12/03,42.92
08/12/04,43.29
08/12/05,47.39
08/12/08,44.98
08/12/09,43.67
08/12/10,43.85
08/12/11,43.28
08/12/12,43.07
08/12/15,44.03
08/12/16,47.05
08/12/17,46.63
08/12/18,47.33
08/12/19,47.6
08/12/22,47.58
08/12/23,47.23
08/12/24,47.13
08/12/26,47.47
08/12/29,47.79
08/12/30,47.81
08/12/31,48.39
09/01/02,48.49
09/01/05,48.15
09/01/06,47.19
09/01/07,45.26
09/01/08,45.49
09/01/09,45.72
09/01/12,43.38
09/01/13,45.16
09/01/14,43.81
09/01/15,44.75
09/01/16,45.74
09/01/20,42.52
09/01/21,43.88
09/01/22,41.31
09/01/23,40.56
09/01/26,41.26
09/01/27,41.71
09/01/28,44.87
09/01/29,41.47
09/01/30,40.13
09/02/02,39.66
09/02/03,39.31
09/02/04,40.11
09/02/05,40.81
09/02/06,40.87
09/02/09,41.61
09/02/10,38.66
09/02/11,40.26
09/02/12,41.15
09/02/13,38.9
09/02/17,37.37
09/02/18,36.95
09/02/19,37.45
09/02/20,36.19
09/02/23,33.42
09/02/24,35.67
09/02/25,35.41
09/02/26,35.39
09/02/27,33.55
09/03/02,32.94
09/03/03,31.2
09/03/04,32.14
09/03/05,29.29
09/03/06,29.87
09/03/09,29.26
09/03/10,31.39
09/03/11,30.99
09/03/12,32.35
09/03/13,33.65
09/03/16,33.52
09/03/17,35.57
09/03/18,36.66
09/03/19,34.56
09/03/20,35.55
09/03/23,37.13
09/03/24,35.15
09/03/25,35.32
09/03/26,36.77
09/03/27,37.13
09/03/30,34.68
09/03/31,37.36
09/04/01,37.75
09/04/02,38.91
09/04/03,40.57
09/04/06,40.38
09/04/07,39.67
09/04/08,40.63
09/04/09,42.11
09/04/13,43.94
09/04/14,41.46
09/04/15,42.31
09/04/16,42.92
09/04/17,42.5
09/04/20,40.35
09/04/21,42.84
09/04/22,40.17
09/04/23,40.68
09/04/24,40.69
09/04/27,41.56
09/04/28,41.76
09/04/29,43.65
09/04/30,42.84
09/05/01,42.39
09/05/04,43.54
09/05/05,41.77
09/05/06,41.63
09/05/07,40.44
09/05/08,40.25
09/05/11,39.19
09/05/12,39.64
09/05/13,39.04
09/05/14,40.66
09/05/15,39.88
09/05/18,41.99
09/05/19,40.37
09/05/20,39.45
09/05/21,40.5
09/05/22,40.64
09/05/26,41.58
09/05/27,40
09/05/28,40.65
09/05/29,40.68
09/06/01,41.13
09/06/02,42.08
09/06/03,42.12
09/06/04,42.61
09/06/05,42.55
09/06/08,42.69
09/06/09,42.4
09/06/10,42.13
09/06/11,42.13
09/06/12,41.6
09/06/15,40.46
09/06/16,40.1
09/06/17,39.75
09/06/18,39.43
09/06/19,39.67
09/06/22,39.31
09/06/23,39.77
09/06/24,40.62
09/06/25,41.22
09/06/26,40.66
09/06/29,40.65
09/06/30,40.9
09/07/01,41.52
09/07/02,39.76
09/07/06,40.78
09/07/07,39.43
09/07/08,38.62
09/07/09,38.79
09/07/10,38.66
09/07/13,40.35
09/07/14,40.19
09/07/15,41.22
09/07/16,41.97
09/07/17,41.1
09/07/20,40.63
09/07/21,41.76
09/07/22,42.89
09/07/23,43.81
09/07/24,45.06
09/07/27,44.7
09/07/28,45.44
09/07/29,44.66
09/07/30,44.11
09/07/31,45.67
09/08/03,46.59
09/08/04,47
09/08/05,46.55
09/08/06,46.79
09/08/07,47.05
09/08/10,46.18
09/08/11,45.82
09/08/12,46.73
09/08/13,46.6
09/08/14,45.88
09/08/17,44.6
09/08/18,45.38
09/08/19,46.46
09/08/20,47.27
09/08/21,47.03
09/08/24,46.46
09/08/25,47.3
09/08/26,47.49
09/08/27,48.74
09/08/28,48.76
09/08/31,48.57
09/09/01,47.19
09/09/02,46.93
09/09/03,48.71
09/09/04,48
09/09/08,47.91
09/09/09,47.9
09/09/10,48.03
09/09/11,47.7
09/09/14,47.82
09/09/15,47.11
09/09/16,48.3
09/09/17,47.34
09/09/18,46.57
09/09/21,46.78
09/09/22,46.04
09/09/23,46.4
09/09/24,46.43
09/09/25,47.9
09/09/28,49.31
09/09/29,50.01
09/09/30,50.06
09/10/01,50.33
09/10/02,50.34
09/10/05,50.4
09/10/06,51.18
09/10/07,51.51
09/10/08,51.31
09/10/09,51.04
09/10/12,50.77
09/10/13,50.3
09/10/14,51.25
09/10/15,51.19
09/10/16,51.36
09/10/19,51.63
09/10/20,51.3
09/10/21,50.43
09/10/22,51.3
09/10/23,50.92
09/10/26,50.03
09/10/27,49.88
09/10/28,48.61
09/10/29,49.48
09/10/30,48.09
09/11/02,48.17
09/11/03,48.02
09/11/04,48.26
09/11/05,47.77
09/11/06,48.02
09/11/09,49.51
09/11/10,48.99
09/11/11,48.94
09/11/12,48.3
09/11/13,48.22
09/11/16,47.9
09/11/17,48.13
09/11/18,47.73
09/11/19,47.08
09/11/20,46.57
09/11/23,46.59
09/11/24,46.65
09/11/25,46.68
09/11/27,45.12
09/11/30,45.61
09/12/01,46.65
09/12/02,46.74
09/12/03,45.36
09/12/04,45.71
09/12/07,46.09
09/12/08,45.98
09/12/09,46.54
09/12/10,46.9
09/12/11,47.02
09/12/14,47.1
09/12/15,46.49
09/12/16,46.36
09/12/17,45.77
09/12/18,46.03
09/12/21,45.96
09/12/22,46.77
09/12/23,47.06
09/12/24,47.16
09/12/28,47.49
09/12/29,47.42
09/12/30,47.6
09/12/31,47.49
10/01/04,46.42
10/01/05,45.38
10/01/06,44.75
10/01/07,45.01
10/01/08,44.75
10/01/11,45.23
10/01/12,45.33
10/01/13,45.48
10/01/14,45.91
10/01/15,45.42
10/01/19,46
10/01/20,45.92
10/01/21,45.61
10/01/22,45.12
10/01/25,45.64
10/01/26,45.74
10/01/27,46.13
10/01/28,46.01
10/01/29,46.42
10/02/01,46.19
10/02/02,46.7
10/02/03,46.79
10/02/04,45.35
10/02/05,45.54
10/02/08,45.52
10/02/09,45.89
10/02/10,45.97
10/02/11,45.96
10/02/12,45.99
10/02/16,46.63
10/02/17,46.87
10/02/18,47.41
10/02/19,47.48
10/02/22,47.77
10/02/23,47.38
10/02/24,47.42
10/02/25,47.46
10/02/26,47.1
10/03/01,47.52
10/03/02,47.44
10/03/03,47.63
10/03/04,47.91
10/03/05,48.51
10/03/08,48.82
10/03/09,47.52
10/03/10,47.05
10/03/11,47.34
10/03/12,47.3
10/03/15,47.87
10/03/16,48.3
10/03/17,48.52
10/03/18,48.54
10/03/19,49.65
10/03/22,49.4
10/03/23,49.74
10/03/24,49.82
10/03/25,49.63
10/03/26,49.71
10/03/29,49.94
10/03/30,49.86
10/03/31,49.57
10/04/01,50.06
10/04/05,49.81
10/04/06,49.98
10/04/07,50.76
10/04/08,50.52
10/04/09,50.65
10/04/12,50.28
10/04/13,50.61
10/04/14,51.08
10/04/15,50.56
10/04/16,49.87
10/04/19,49.68
10/04/20,49.96
10/04/21,49.71
10/04/22,49.47
10/04/23,50.35
10/04/26,49.9
10/04/27,49.66
10/04/28,50.85
10/04/29,50.36
10/04/30,50.41
10/05/03,50.11
10/05/04,49.36
10/05/05,49.53
10/05/06,47.98
10/05/07,47.9
10/05/10,48.85
10/05/11,48.93
10/05/12,50.98
10/05/13,50.91
10/05/14,50.26
10/05/17,50.53
10/05/18,49.99
10/05/19,50.07
10/05/20,47.35
10/05/21,47.33
10/05/24,46.58
10/05/25,46.17
10/05/26,45.9
10/05/27,47.21
10/05/28,46.59
10/06/01,46.02
10/06/02,46.75
10/06/03,47.47
10/06/04,45.91
10/06/07,45.96
10/06/08,46.79
10/06/09,46.85
10/06/10,47.99
10/06/11,48.58
10/06/14,48.71
10/06/15,49.59
10/06/16,49.39
10/06/17,49.81
10/06/18,50.31
10/06/21,50.57
10/06/22,50.71
10/06/23,50.12
10/06/24,50.03
10/06/25,50.42
10/06/28,50.59
10/06/29,49.07
10/06/30,48.79
10/07/01,48.53
10/07/02,48.17
10/07/06,48.2
10/07/07,49.18
10/07/08,49.49
10/07/09,51.83
10/07/12,52.15
10/07/13,52.96
10/07/14,52.32
10/07/15,52.13
10/07/16,50.9
10/07/19,50.53
10/07/20,50.71
10/07/21,49.73
10/07/22,50.15
10/07/23,50.31
10/07/26,50.38
10/07/27,51
10/07/28,50.52
10/07/29,50.52
10/07/30,50.62
10/08/02,50.79
10/08/03,50.85
10/08/04,51.74
10/08/05,51.25
10/08/06,51.08
10/08/09,51.69
10/08/10,51.65
10/08/11,50
10/08/12,50.52
10/08/13,50.95
10/08/16,51.04
10/08/17,52.03
10/08/18,51.88
10/08/19,50.85
10/08/20,51.03
10/08/23,51
10/08/24,50.43
10/08/25,50.92
10/08/26,50.97
10/08/27,51.82
10/08/30,50.96
10/08/31,51
10/09/01,52.09
10/09/02,52.01
10/09/03,52.68
10/09/07,51.69
10/09/08,52.48
10/09/09,53.06
10/09/10,52.98
10/09/13,54.06
10/09/14,54.71
10/09/15,55.04
10/09/16,55.12
10/09/17,55.22
10/09/20,56.08
10/09/21,55.99
10/09/22,54.96
10/09/23,54.22
10/09/24,55.36
10/09/27,54.91
10/09/28,55.72
10/09/29,55.38
10/09/30,55.87
10/10/01,55.81
10/10/04,55.73
10/10/05,57.07
10/10/06,56.68
10/10/07,56.6
10/10/08,56.5
10/10/11,56.76
10/10/12,57.25
10/10/13,57.25
10/10/14,57.3
10/10/15,57.23
10/10/18,57.93
10/10/19,56.98
10/10/20,58.09
10/10/21,57.96
10/10/22,57.91
10/10/25,58.24
10/10/26,58.76
10/10/27,57.98
10/10/28,57.25
10/10/29,56.99
10/11/01,57.84
10/11/02,58.09
10/11/03,58.07
10/11/04,59.72
10/11/05,59.35
10/11/08,58.61
10/11/09,57.78
10/11/10,58.58
10/11/11,57.7
10/11/12,57.36
10/11/15,57.62
10/11/16,56.48
10/11/17,56.58
10/11/18,57.81
10/11/19,57.98
10/11/22,57.68
10/11/23,56.37
10/11/24,57.24
10/11/26,56.5
10/11/29,56.85
10/11/30,56.13
10/12/01,57.05
10/12/02,57.39
10/12/03,57
10/12/06,56.65
10/12/07,56.82
10/12/08,56.97
10/12/09,57.07
10/12/10,57.82
10/12/13,58.46
10/12/14,58.52
10/12/15,58.61
10/12/16,59.3
10/12/17,58.87
10/12/20,58.79
10/12/21,59.6
10/12/22,59.92
10/12/23,59.92
10/12/27,59.85
10/12/28,60.07
10/12/29,60.06
10/12/30,60.15
10/12/31,60.03
11/01/03,60.02
11/01/04,59.98
11/01/05,59.78
11/01/06,59.52
11/01/07,59.08
11/01/10,58.3
11/01/11,58.57
11/01/12,58.68
11/01/13,58.7
11/01/14,58.62
11/01/18,58.5
11/01/19,58.41
11/01/20,58.55
11/01/21,58.35
11/01/24,58.54
11/01/25,59.92
11/01/26,60.22
11/01/27,60.94
11/01/28,58.99
11/01/31,59.39
11/02/01,59.94
11/02/02,60.27
11/02/03,61.03
11/02/04,60.81
11/02/07,60.59
11/02/08,61.98
11/02/09,61.8
11/02/10,61.48
11/02/11,61.18
11/02/14,60.27
11/02/15,60.16
11/02/16,60.64
11/02/17,61.08
11/02/18,63.4
11/02/22,62.53
11/02/23,62
11/02/24,60.41
11/02/25,61.02
11/02/28,61
11/03/01,60.35
11/03/02,59.34
11/03/03,60.5
11/03/04,60.46
11/03/07,59.9
11/03/08,60.36
11/03/09,60.06
11/03/10,58.87
11/03/11,59.2
11/03/14,58.91
11/03/15,58.01
11/03/16,58.14
11/03/17,58.64
11/03/18,58.66
11/03/21,59.88
11/03/22,59.55
11/03/23,59.55
11/03/24,59.92
11/03/25,60.15
11/03/28,60.94
11/03/29,61.73
11/03/30,62.2
11/03/31,62.72
11/04/01,63.82
11/04/04,64.91
11/04/05,64.39
11/04/06,64.44
11/04/07,63.79
11/04/08,63.77
11/04/11,64.58
11/04/12,64.57
11/04/13,64.36
11/04/14,64.17
11/04/15,63.86
11/04/18,62.86
11/04/19,62.5
11/04/20,62.35
11/04/21,63.32
11/04/25,63.44
11/04/26,63.37
11/04/27,64.16
11/04/28,65.22
11/04/29,65.19
11/05/02,64.75
11/05/03,65.44
11/05/04,64.43
11/05/05,64.75
11/05/06,65.18
11/05/09,65.3
11/05/10,66.35
11/05/11,65.83
11/05/12,66.39
11/05/13,65.72
11/05/16,65.56
11/05/17,66.49
11/05/18,67.22
11/05/19,67.08
11/05/20,66.51
11/05/23,65.81
11/05/24,65.7
11/05/25,65.55
11/05/26,65.58
11/05/27,66.48
11/05/31,66.71
11/06/01,65.88
11/06/02,66.26
11/06/03,66.01
11/06/06,65.18
11/06/07,65.25
11/06/08,64.25
11/06/09,64.78
11/06/10,63.97
11/06/13,63.73
11/06/14,63.73
11/06/15,62.28
11/06/16,62.78
11/06/17,62.34
11/06/20,62.51
11/06/21,62.86
11/06/22,62.8
11/06/23,62.5
11/06/24,61.99
11/06/27,62.75
11/06/28,63.07
11/06/29,64.4
11/06/30,64.15
11/07/01,64.58
11/07/05,63.64
11/07/06,63.63
11/07/07,64.48
11/07/08,63.97
11/07/11,62.85
11/07/12,63.17
11/07/13,63.37
11/07/14,63.13
11/07/15,62.93
11/07/18,62.07
11/07/19,62.25
11/07/20,62.11
11/07/21,63.6
11/07/22,64.11
11/07/25,63.83
11/07/26,64.21
11/07/27,66.64
11/07/28,65.43
11/07/29,65.28
11/08/01,64.53
11/08/02,64.81
11/08/03,65.19
11/08/04,62.52
11/08/05,61.58
11/08/08,57.48
11/08/09,61.64
11/08/10,57.84
11/08/11,61.81
11/08/12,61.14
11/08/15,62.56
11/08/16,61.69
11/08/17,62.32
11/08/18,59.52
11/08/19,58.46
11/08/22,58.38
11/08/23,60.4
11/08/24,61
11/08/25,59.83
11/08/26,60.82
11/08/29,63.07
11/08/30,62.53
11/08/31,62.94
11/09/01,62.1
11/09/02,60.64
11/09/06,59.93
11/09/07,62.56
11/09/08,62.23
11/09/09,60.04
11/09/12,60.28
11/09/13,59.97
11/09/14,59.76
11/09/15,60.26
11/09/16,61.26
11/09/19,60.82
11/09/20,61.64
11/09/21,58.71
11/09/22,58.01
11/09/23,58.18
11/09/26,59.69
11/09/27,59.23
11/09/28,58.97
11/09/29,60.5
11/09/30,59.4
11/10/03,57.94
11/10/04,58.41
11/10/05,59.84
11/10/06,60.36
11/10/07,59.15
11/10/10,61.44
11/10/11,61.49
11/10/12,61.55
11/10/13,61.18
11/10/14,61.9
11/10/17,60.45
11/10/18,62.77
11/10/19,64.64
11/10/20,66.63
11/10/21,68.8
11/10/24,69.18
11/10/25,67.64
11/10/26,69.6
11/10/27,71.88
11/10/28,71.42
11/10/31,70.73
11/11/01,68.05
11/11/02,70.38
11/11/03,71.26
11/11/04,70.62
11/11/07,70.8
11/11/08,71.29
11/11/09,68.87
11/11/10,69.03
11/11/11,69.83
11/11/14,68.91
11/11/15,68.94
11/11/16,67.39
11/11/17,65.77
11/11/18,66.54
11/11/21,65.04
11/11/22,64.5
11/11/23,63.3
11/11/25,63.65
11/11/28,64.92
11/11/29,64.72
11/11/30,68.16
11/12/01,67.25
11/12/02,67.03
11/12/05,67.82
11/12/06,68.85
11/12/07,68.9
11/12/08,67.32
11/12/09,68
11/12/12,67.06
11/12/13,65.83
11/12/14,65.93
11/12/15,65.6
11/12/16,65.42
11/12/19,64.98
11/12/20,66.72
11/12/21,67.89
11/12/22,68.58
11/12/23,69.08
11/12/27,69.2
11/12/28,68.59
11/12/29,69.18
11/12/30,68.74
12/01/03,68.94
12/01/04,68.29
12/01/05,68.48
12/01/06,68.65
12/01/09,68.96
12/01/10,69.87
12/01/11,68.82
12/01/12,69.17
12/01/13,68.84
12/01/17,69.04
12/01/18,69.17
12/01/19,70
12/01/20,71.72
12/01/23,70.86
12/01/24,70.16
12/01/25,70.73
12/01/26,70.31
12/01/27,68.55
12/01/30,68.07
12/01/31,68.69
12/02/01,71.55
12/02/02,71.53
12/02/03,73.23
12/02/06,72.02
12/02/07,73.23
12/02/08,72.63
12/02/09,72.6
12/02/10,72.12
12/02/13,72.97
12/02/14,72.63
12/02/15,71.98
12/02/16,72.24
12/02/17,72.61
12/02/21,73.02
12/02/22,71.83
12/02/23,72.39
12/02/24,72.17
12/02/27,71.87
12/02/28,71.15
12/02/29,70.77
12/03/01,71.46
12/03/02,71.5
12/03/05,71.81
12/03/06,70.68
12/03/07,70.6
12/03/08,70.55
12/03/09,70.74
12/03/12,70.88
12/03/13,71.69
12/03/14,72.39
12/03/15,72.41
12/03/16,71.32
12/03/19,72.28
12/03/20,72.97
12/03/21,72.69
12/03/22,71.88
12/03/23,71.79
12/03/26,73.19
12/03/27,72.48
12/03/28,72.84
12/03/29,72.6
12/03/30,72.7
12/04/02,73.7
12/04/03,73.02
12/04/04,72.93
12/04/05,72.68
12/04/09,71.76
12/04/10,71.07
12/04/11,71.62
12/04/12,72.52
12/04/13,71.07
12/04/16,71.95
12/04/17,72.47
12/04/18,71.86
12/04/19,74.33
12/04/20,74.79
12/04/23,73.99
12/04/24,74.73
12/04/25,75.43
12/04/26,76.44
12/04/27,75.84
12/04/30,75.45
12/05/01,76.24
12/05/02,76.31
12/05/03,76.48
12/05/04,75.92
12/05/07,75.93
12/05/08,75.31
12/05/09,74.76
12/05/10,75.44
12/05/11,75.75
12/05/14,74.97
12/05/15,75.15
12/05/16,74.75
12/05/17,72.92
12/05/18,71.53
12/05/21,72.23
12/05/22,72.04
12/05/23,72.38
12/05/24,72.74
12/05/25,72.68
12/05/29,72.93
12/05/30,71.45
12/05/31,71.84
12/06/01,69.74
12/06/04,69.53
12/06/05,69.86
12/06/06,71.84
12/06/07,72.06
12/06/08,72.36
12/06/11,70.88
12/06/12,71.6
12/06/13,70.75
12/06/14,72.12
12/06/15,72.26
12/06/18,71.78
12/06/19,72.59
12/06/20,72.49
12/06/21,70.93
12/06/22,71.79
12/06/25,70.25
12/06/26,70.78
12/06/27,71.32
12/06/28,71.81
12/06/29,73.63
12/07/02,73.94
12/07/03,74.42
12/07/05,73.02
12/07/06,72.04
12/07/09,71.84
12/07/10,70.78
12/07/11,69.8
12/07/12,71.03
12/07/13,72.32
12/07/16,71.72
12/07/17,71.51
12/07/18,71.71
12/07/19,71.15
12/07/20,70.3
12/07/23,69.42
12/07/24,68.7
12/07/25,71.82
12/07/26,71.75
12/07/27,73.56
12/07/30,73.55
12/07/31,73.5
12/08/01,73.11
12/08/02,72.56
12/08/03,73.66
12/08/06,73.69
12/08/07,73.21
12/08/08,73.3
12/08/09,73.12
12/08/10,72.74
12/08/13,72.45
12/08/14,72.31
12/08/15,72.91
12/08/16,73.21
12/08/17,73.46
12/08/20,74.09
12/08/21,74.13
12/08/22,74.3
12/08/23,74.12
12/08/24,74.25
12/08/27,73.91
12/08/28,73.87
12/08/29,73.64
12/08/30,73.52
12/08/31,73.73
12/09/04,74.59
12/09/05,74.33
12/09/06,75.13
12/09/07,75.07
12/09/10,74.81
12/09/11,75.09
12/09/12,75.55
